subscriber_id,subscriber_name,email,signup_date,region,plan_type,total_spend,churned
SUB001,Aarav Patel,aarav.patel1@example.com,2023-08-17,North,Basic,140.53,0
SUB002,Maya Smith,maya.smith2@example.com,2024-04-02,South,Standard,417.68,1
SUB003,Ethan Johnson,ethan.johnson3@example.com,2026-01-21,East,Premium,290.39,0
SUB004,Sophia Brown,sophia.brown4@example.com,2023-03-03,West,Basic,306.74,0
SUB005,Noah Garcia,noah.garcia5@example.com,2023-02-24,Central,Standard,1438.21,0
SUB006,Olivia Davis,olivia.davis6@example.com,2026-01-21,North,Premium,1095.24,0
SUB007,Liam Wilson,liam.wilson7@example.com,2024-07-23,South,Basic,2038.82,1
SUB008,Emma Martinez,emma.martinez8@example.com,2023-11-23,East,Standard,1769.5,0
SUB009,Lucas Anderson,lucas.anderson9@example.com,2023-11-15,West,Premium,601.06,0
SUB010,Ava Thomas,ava.thomas10@example.com,2023-07-29,Central,Basic,304.44,1
SUB011,Mason Patel,mason.patel11@example.com,2024-12-05,North,Standard,1541.02,0
SUB012,Isabella Smith,isabella.smith12@example.com,2025-07-29,South,Premium,1377.67,0
SUB013,Elijah Johnson,elijah.johnson13@example.com,2025-02-14,East,Basic,270.7,0
SUB014,Mia Brown,,2025-01-10,West,Standard,1477.19,0
SUB015,James Garcia,james.garcia15@example.com,2023-04-04,Central,Premium,1680.26,0
SUB016,Amelia Davis,amelia.davis16@example.com,2023-06-13,North,Basic,2149.87,0
SUB017,Benjamin Wilson,benjamin.wilson17@example.com,2025-02-17,South,Standard,752.7,0
SUB018,Harper Martinez,harper.martinez18@example.com,2025-01-17,East,Premium,473.62,0
SUB019,Henry Anderson,henry.anderson19@example.com,2024-06-30,West,Basic,1778.41,0
SUB020,Evelyn Thomas,evelyn.thomas20@example.com,2023-05-27,Central,Standard,1554.1,1
SUB021,Aarav Patel,aarav.patel21@example.com,2024-05-16,North,Premium,475.43,0
SUB022,Maya Smith,maya.smith22@example.com,2026-02-14,South,Basic,611.47,0
SUB023,Ethan Johnson,ethan.johnson23@example.com,2023-04-25,East,Standard,634.3,1
SUB024,Sophia Brown,sophia.brown24@example.com,2024-10-08,West,Premium,1050.82,1
SUB025,Noah Garcia,noah.garcia25@example.com,2026-03-07,Central,Basic,2200.81,0
SUB026,Olivia Davis,olivia.davis26@example.com,2025-10-19,North,Standard,1037.43,0
SUB027,Liam Wilson,liam.wilson27@example.com,2025-07-28,,Premium,425.75,1
SUB028,Emma Martinez,emma.martinez28@example.com,2026-02-23,East,Basic,1384.33,0
SUB029,Lucas Anderson,lucas.anderson29@example.com,2025-05-27,West,Standard,2252.73,0
SUB030,Ava Thomas,ava.thomas30@example.com,2024-03-25,Central,Premium,2493.53,1
SUB031,Mason Patel,mason.patel31@example.com,2025-10-07,North,Basic,300.0,1
SUB032,Isabella Smith,isabella.smith32@example.com,2023-08-13,South,Standard,449.88,1
SUB033,Elijah Johnson,elijah.johnson33@example.com,2025-05-14,East,Premium,1523.31,0
SUB034,Mia Brown,mia.brown34@example.com,2025-08-16,West,Basic,1360.46,0
SUB035,James Garcia,james.garcia35@example.com,2023-01-24,Central,Standard,1726.29,1
SUB036,Amelia Davis,amelia.davis36@example.com,2026-01-04,North,Premium,1897.12,0
SUB037,Benjamin Wilson,benjamin.wilson37@example.com,2024-11-27,South,Basic,349.96,0
SUB038,Harper Martinez,harper.martinez38@example.com,2025-07-18,East,Standard,87.85,0
SUB039,Henry Anderson,,2024-06-23,West,Premium,2431.97,0
SUB040,Evelyn Thomas,evelyn.thomas40@example.com,2025-11-05,Central,Basic,2288.56,0
SUB041,Aarav Patel,aarav.patel41@example.com,2024-09-03,North,Standard,2116.84,0
SUB042,Maya Smith,maya.smith42@example.com,2024-02-12,South,Premium,449.87,0
SUB043,Ethan Johnson,ethan.johnson43@example.com,2026-01-09,East,Basic,2387.47,0
SUB044,Sophia Brown,sophia.brown44@example.com,2023-01-02,West,Standard,1529.45,0
SUB045,Noah Garcia,noah.garcia45@example.com,2023-08-18,Central,Premium,,0
SUB046,Olivia Davis,olivia.davis46@example.com,2024-09-21,North,Basic,659.47,0
SUB047,Liam Wilson,liam.wilson47@example.com,2026-03-07,South,Standard,2371.62,1
SUB048,Emma Martinez,emma.martinez48@example.com,2025-09-22,East,Premium,2054.78,0
SUB049,Lucas Anderson,lucas.anderson49@example.com,2025-12-26,West,Basic,1933.32,1
SUB050,Ava Thomas,ava.thomas50@example.com,2025-08-31,Central,Standard,2371.37,1
SUB051,Mason Patel,mason.patel51@example.com,2025-12-16,North,Premium,2191.29,0
SUB052,Isabella Smith,isabella.smith52@example.com,2024-03-09,South,Basic,2327.97,0
SUB053,Elijah Johnson,elijah.johnson53@example.com,2024-02-16,East,Standard,1805.34,0
SUB054,Mia Brown,mia.brown54@example.com,2025-02-03,West,Premium,1140.2,0
SUB055,James Garcia,james.garcia55@example.com,2023-09-05,Central,Basic,679.93,1
SUB056,Amelia Davis,amelia.davis56@example.com,2023-02-13,North,Standard,1503.71,0
SUB057,Benjamin Wilson,benjamin.wilson57@example.com,2024-03-27,South,Premium,97.4,0
SUB058,Harper Martinez,harper.martinez58@example.com,2023-05-01,East,Basic,634.04,0
SUB059,Henry Anderson,henry.anderson59@example.com,2024-11-07,West,Standard,251.47,0
SUB060,Evelyn Thomas,evelyn.thomas60@example.com,2025-09-21,Central,Premium,598.45,1
SUB061,Aarav Patel,aarav.patel61@example.com,2026-03-15,North,Basic,1474.43,0
SUB062,Maya Smith,maya.smith62@example.com,2025-08-26,South,Standard,2034.14,1
SUB063,Ethan Johnson,ethan.johnson63@example.com,2023-07-18,,Premium,1674.74,0
SUB064,Sophia Brown,sophia.brown64@example.com,2025-04-21,West,Basic,1210.2,0
SUB065,Noah Garcia,noah.garcia65@example.com,2023-07-21,Central,Standard,226.68,0
SUB066,Olivia Davis,olivia.davis66@example.com,2023-08-12,North,Premium,681.75,1
SUB067,Liam Wilson,liam.wilson67@example.com,2025-07-07,South,Basic,419.24,1
SUB068,Emma Martinez,emma.martinez68@example.com,2025-08-05,East,Standard,684.53,0
SUB069,Lucas Anderson,lucas.anderson69@example.com,2025-06-26,West,Premium,2035.41,0
SUB070,Ava Thomas,ava.thomas70@example.com,2023-07-20,Central,Basic,202.42,0
SUB071,Mason Patel,mason.patel71@example.com,2023-01-31,North,Standard,2424.97,0
SUB072,Isabella Smith,,2024-04-29,South,Premium,482.47,0
SUB073,Elijah Johnson,elijah.johnson73@example.com,2024-03-13,East,Basic,2172.45,0
SUB074,Mia Brown,mia.brown74@example.com,2023-12-04,West,Standard,997.11,0
SUB075,James Garcia,james.garcia75@example.com,2024-06-27,Central,Premium,2322.17,0
SUB076,Amelia Davis,amelia.davis76@example.com,2024-08-07,North,Basic,1103.68,0
SUB077,Benjamin Wilson,benjamin.wilson77@example.com,2026-02-12,South,Standard,1681.73,0
SUB078,Harper Martinez,harper.martinez78@example.com,2024-01-24,East,Premium,798.03,0
SUB079,Henry Anderson,henry.anderson79@example.com,2026-04-01,West,Basic,1860.48,1
SUB080,Evelyn Thomas,evelyn.thomas80@example.com,2024-10-04,Central,Standard,218.34,0
SUB081,Aarav Patel,aarav.patel81@example.com,2025-10-26,North,Premium,2304.92,0
SUB082,Maya Smith,maya.smith82@example.com,2023-04-27,South,Basic,2405.08,1
SUB083,Ethan Johnson,ethan.johnson83@example.com,2024-01-16,East,Standard,245.82,1
SUB084,Sophia Brown,sophia.brown84@example.com,2024-04-26,West,Premium,1057.14,0
SUB085,Noah Garcia,noah.garcia85@example.com,2026-03-12,Central,Basic,675.84,0
SUB086,Olivia Davis,olivia.davis86@example.com,2023-06-17,North,Standard,1094.52,0
SUB087,Liam Wilson,liam.wilson87@example.com,2025-12-06,South,Premium,845.62,0
SUB088,Emma Martinez,emma.martinez88@example.com,2024-10-05,East,Basic,,0
SUB089,Lucas Anderson,lucas.anderson89@example.com,2024-09-06,West,Standard,1186.48,0
SUB090,Ava Thomas,ava.thomas90@example.com,2023-05-29,Central,Premium,102.54,0
SUB091,Mason Patel,mason.patel91@example.com,2026-02-27,North,Basic,2490.55,1
SUB092,Isabella Smith,isabella.smith92@example.com,2024-03-12,South,Standard,1304.24,1
SUB093,Elijah Johnson,elijah.johnson93@example.com,2024-12-15,East,Premium,2211.69,0
SUB094,Mia Brown,mia.brown94@example.com,2025-01-26,West,Basic,769.67,0
SUB095,James Garcia,james.garcia95@example.com,2026-01-17,Central,Standard,1782.57,0
SUB008,Emma Martinez,emma.martinez8@example.com,2024-01-07,East,Standard,2968.08,0
SUB022,Maya Smith,maya.smith22@example.com,2026-04-15,South,Basic,2134.94,1
SUB041,Aarav Patel,aarav.patel41@example.com,2024-11-17,North,Standard,519.56,0
SUB067,Liam Wilson,liam.wilson67@example.com,2025-10-05,South,Basic,2542.76,1
SUB090,Ava Thomas,ava.thomas90@example.com,2023-09-11,Central,Premium,1248.45,0
